Trade number,Tipo,Fecha y hora,Señal,Precio USD,Tamaño (cant.),Tamaño de la posición (valor),PyG netas USD,Rentabilidad %,Desviación favorable USD,Desviación favorable %,Desviación adversa USD,Desviación adversa %,PyG acumuladas USD,PyG acumuladas %,Duración (barras)
1,Salida en corto,2026-03-05 08:45,Scripted Exit All,1.16035,1,145093.75,50,0.03,262.5,0.18,-531.25,-0.37,50,0.50,70
1,Entrada en corto,2026-03-05 02:55,Scripted Short,1.16075,1,145093.75,50,0.03,262.5,0.18,-531.25,-0.37,50,0.50,70
2,Salida en corto,2026-03-05 11:20,Scripted Exit All,1.1574,1,144956.25,281.25,0.19,325,0.22,-25,-0.02,331.25,3.31,12
2,Entrada en corto,2026-03-05 10:20,Scripted Short,1.15965,1,144956.25,281.25,0.19,325,0.22,-25,-0.02,331.25,3.31,12
3,Salida en largo,2026-03-06 08:55,Scripted Short,1.15645,1,145256.25,-700,-0.48,62.5,0.04,-793.75,-0.55,-368.75,-3.69,148
3,Entrada en largo,2026-03-05 20:35,Scripted Long,1.16205,1,145256.25,-700,-0.48,62.5,0.04,-793.75,-0.55,-368.75,-3.69,148
4,Salida en corto,2026-03-08 20:15,Scripted Exit All,1.15265,1,144556.25,475,0.33,493.75,0.34,-768.75,-0.53,106.25,1.06,124
4,Entrada en corto,2026-03-06 08:55,Scripted Short,1.15645,1,144556.25,475,0.33,493.75,0.34,-768.75,-0.53,106.25,1.06,124
5,Salida en largo,2026-03-09 09:20,Scripted Exit All,1.1574,1,144556.25,118.75,0.08,168.75,0.12,-562.5,-0.39,225,2.25,68
5,Entrada en largo,2026-03-09 03:40,Scripted Long,1.15645,1,144556.25,118.75,0.08,168.75,0.12,-562.5,-0.39,225,2.25,68
6,Salida en largo,2026-03-09 16:55,Scripted Exit All,1.1633,1,144837.5,575,0.40,631.25,0.44,-93.75,-0.06,800,8.00,70
6,Entrada en largo,2026-03-09 11:05,Scripted Long,1.1587,1,144837.5,575,0.40,631.25,0.44,-93.75,-0.06,800,8.00,70
7,Salida en largo,2026-03-19 02:35,Scripted Short,1.1512,1,145712.5,-1812.5,-1.24,168.75,0.12,-2443.75,-1.68,-1012.5,-10.12,1812
7,Entrada en largo,2026-03-10 12:35,Scripted Long,1.1657,1,145712.5,-1812.5,-1.24,168.75,0.12,-2443.75,-1.68,-1012.5,-10.12,1812
8,Salida en corto,2026-03-19 04:10,Scripted Exit All,1.14955,1,143900,206.25,0.14,256.25,0.18,-131.25,-0.09,-806.25,-8.06,19
8,Entrada en corto,2026-03-19 02:35,Scripted Short,1.1512,1,143900,206.25,0.14,256.25,0.18,-131.25,-0.09,-806.25,-8.06,19
9,Salida en largo,2026-03-19 10:00,Scripted Exit All,1.15645,1,144081.25,475,0.33,600,0.42,-206.25,-0.14,-331.25,-3.31,24
9,Entrada en largo,2026-03-19 08:00,Scripted Long,1.15265,1,144081.25,475,0.33,600,0.42,-206.25,-0.14,-331.25,-3.31,24
10,Salida en corto,2026-03-20 10:00,Scripted Exit All,1.15875,1,145031.25,187.5,0.13,262.5,0.18,-312.5,-0.22,-143.75,-1.44,101
10,Entrada en corto,2026-03-20 01:35,Scripted Short,1.16025,1,145031.25,187.5,0.13,262.5,0.18,-312.5,-0.22,-143.75,-1.44,101
11,Salida en corto,2026-03-23 05:45,Scripted Exit All,1.1545,1,144668.75,356.25,0.25,368.75,0.25,-225,-0.16,212.5,2.13,21
11,Entrada en corto,2026-03-23 04:00,Scripted Short,1.15735,1,144668.75,356.25,0.25,368.75,0.25,-225,-0.16,212.5,2.13,21
12,Salida en largo,2026-03-23 10:05,Scripted Exit All,1.1648,1,145262.5,337.5,0.23,512.5,0.35,-618.75,-0.43,550,5.50,35
12,Entrada en largo,2026-03-23 07:10,Scripted Long,1.1621,1,145262.5,337.5,0.23,512.5,0.35,-618.75,-0.43,550,5.50,35
13,Salida en corto,2026-03-24 09:45,Scripted Exit All,1.1615,1,145337.5,150,0.10,181.25,0.12,-450,-0.31,700,7.00,90
13,Entrada en corto,2026-03-24 02:15,Scripted Short,1.1627,1,145337.5,150,0.10,181.25,0.12,-450,-0.31,700,7.00,90
14,Salida en largo,2026-03-25 20:35,Scripted Short,1.1601,1,145581.25,-568.75,-0.39,193.75,0.13,-600,-0.41,131.25,1.31,185
14,Entrada en largo,2026-03-25 04:10,Scripted Long,1.16465,1,145581.25,-568.75,-0.39,193.75,0.13,-600,-0.41,131.25,1.31,185
15,Salida en corto,2026-03-26 02:25,Scripted Exit All,1.15985,1,145012.5,31.25,0.02,62.5,0.04,-175,-0.12,162.5,1.63,70
15,Entrada en corto,2026-03-25 20:35,Scripted Short,1.1601,1,145012.5,31.25,0.02,62.5,0.04,-175,-0.12,162.5,1.63,70
16,Salida en corto,2026-03-27 03:20,Scripted Exit All,1.15705,1,144750,118.75,0.08,125,0.09,-12.5,-0.01,281.25,2.81,9
16,Entrada en corto,2026-03-27 02:35,Scripted Short,1.158,1,144750,118.75,0.08,125,0.09,-12.5,-0.01,281.25,2.81,9
17,Salida en corto,2026-03-31 07:10,Scripted Exit All,1.14995,1,143818.75,75,0.05,93.75,0.07,-131.25,-0.09,356.25,3.56,46
17,Entrada en corto,2026-03-31 03:20,Scripted Short,1.15055,1,143818.75,75,0.05,93.75,0.07,-131.25,-0.09,356.25,3.56,46
18,Salida en largo,2026-03-31 20:10,Scripted Exit All,1.16105,1,145012.5,118.75,0.08,143.75,0.10,0,0.00,475,4.75,10
18,Entrada en largo,2026-03-31 19:20,Scripted Long,1.1601,1,145012.5,118.75,0.08,143.75,0.10,0,0.00,475,4.75,10
19,Salida en largo,2026-04-01 01:30,Scripted Exit All,1.1611,1,145018.75,118.75,0.08,118.75,0.08,0,0.00,593.75,5.94,9
19,Entrada en largo,2026-04-01 00:45,Scripted Long,1.16015,1,145018.75,118.75,0.08,118.75,0.08,0,0.00,593.75,5.94,9
20,Salida en largo,2026-04-01 04:30,Scripted Exit All,1.16385,1,145212.5,268.75,0.19,268.75,0.19,-18.75,-0.01,862.5,8.63,25
20,Entrada en largo,2026-04-01 02:25,Scripted Long,1.1617,1,145212.5,268.75,0.19,268.75,0.19,-18.75,-0.01,862.5,8.63,25
21,Salida en largo,2026-04-01 07:55,Scripted Exit All,1.1645,1,145437.5,125,0.09,131.25,0.09,-31.25,-0.02,987.5,9.88,19
21,Entrada en largo,2026-04-01 06:20,Scripted Long,1.1635,1,145437.5,125,0.09,131.25,0.09,-31.25,-0.02,987.5,9.88,19
22,Salida en largo,2026-04-01 11:05,Scripted Exit All,1.16605,1,145656.25,100,0.07,168.75,0.12,-193.75,-0.13,1087.5,10.88,28
22,Entrada en largo,2026-04-01 08:45,Scripted Long,1.16525,1,145656.25,100,0.07,168.75,0.12,-193.75,-0.13,1087.5,10.88,28
23,Salida en largo,2026-04-02 05:10,Scripted Short,1.15615,1,145718.75,-1200,-0.82,56.25,0.04,-1312.5,-0.90,-112.5,-1.12,182
23,Entrada en largo,2026-04-01 13:00,Scripted Long,1.16575,1,145718.75,-1200,-0.82,56.25,0.04,-1312.5,-0.90,-112.5,-1.12,182
24,Salida en corto,2026-04-02 06:25,Scripted Exit All,1.15535,1,144518.75,100,0.07,137.5,0.10,-100,-0.07,-12.5,-0.12,15
24,Entrada en corto,2026-04-02 05:10,Scripted Short,1.15615,1,144518.75,100,0.07,137.5,0.10,-100,-0.07,-12.5,-0.12,15
25,Salida en largo,2026-04-02 20:35,Scripted Exit All,1.15815,1,144725,43.75,0.03,62.5,0.04,-12.5,-0.01,31.25,0.31,27
25,Entrada en largo,2026-04-02 18:20,Scripted Long,1.1578,1,144725,43.75,0.03,62.5,0.04,-12.5,-0.01,31.25,0.31,27
26,Salida en largo,2026-04-06 03:45,Scripted Exit All,1.15895,1,144781.25,87.5,0.06,106.25,0.07,-500,-0.35,118.75,1.19,195
26,Entrada en largo,2026-04-03 04:45,Scripted Long,1.15825,1,144781.25,87.5,0.06,106.25,0.07,-500,-0.35,118.75,1.19,195
27,Salida en largo,2026-04-07 14:25,Scripted Exit All,1.16185,1,145168.75,62.5,0.04,75,0.05,-131.25,-0.09,181.25,1.81,28
27,Entrada en largo,2026-04-07 12:05,Scripted Long,1.16135,1,145168.75,62.5,0.04,75,0.05,-131.25,-0.09,181.25,1.81,28
28,Salida en largo,2026-04-07 16:20,Scripted Exit All,1.164,1,145300,200,0.14,218.75,0.15,-62.5,-0.04,381.25,3.81,12
28,Entrada en largo,2026-04-07 15:20,Scripted Long,1.1624,1,145300,200,0.14,218.75,0.15,-62.5,-0.04,381.25,3.81,12
29,Salida en largo,2026-04-08 07:35,Scripted Exit All,1.17425,1,146537.5,243.75,0.17,318.75,0.22,-206.25,-0.14,625,6.25,74
29,Entrada en largo,2026-04-08 01:25,Scripted Long,1.1723,1,146537.5,243.75,0.17,318.75,0.22,-206.25,-0.14,625,6.25,74
30,Salida en largo,2026-04-09 12:25,Scripted Exit All,1.17485,1,146606.25,250,0.17,268.75,0.18,0,0.00,875,8.75,13
30,Entrada en largo,2026-04-09 11:20,Scripted Long,1.17285,1,146606.25,250,0.17,268.75,0.18,0,0.00,875,8.75,13
31,Salida en largo,2026-04-10 10:05,Scripted Exit All,1.1767,1,146950,137.5,0.09,187.5,0.13,-106.25,-0.07,1012.5,10.13,18
31,Entrada en largo,2026-04-10 08:35,Scripted Long,1.1756,1,146950,137.5,0.09,187.5,0.13,-106.25,-0.07,1012.5,10.13,18
32,Salida en largo,2026-04-13 09:55,Scripted Exit All,1.1742,1,146637.5,137.5,0.09,200,0.14,-200,-0.14,1150,11.50,77
32,Entrada en largo,2026-04-13 03:30,Scripted Long,1.1731,1,146637.5,137.5,0.09,200,0.14,-200,-0.14,1150,11.50,77
33,Salida en largo,2026-04-13 13:20,Scripted Exit All,1.17695,1,146881.25,237.5,0.16,287.5,0.20,-6.25,0.00,1387.5,13.88,9
33,Entrada en largo,2026-04-13 12:35,Scripted Long,1.17505,1,146881.25,237.5,0.16,287.5,0.20,-6.25,0.00,1387.5,13.88,9
34,Salida en largo,2026-04-13 23:55,Scripted Exit All,1.1802,1,147468.75,56.25,0.04,62.5,0.04,-87.5,-0.06,1443.75,14.44,70
34,Entrada en largo,2026-04-13 18:05,Scripted Long,1.17975,1,147468.75,56.25,0.04,62.5,0.04,-87.5,-0.06,1443.75,14.44,70
35,Salida en largo,2026-04-14 07:00,Scripted Exit All,1.18305,1,147787.5,93.75,0.06,131.25,0.09,-87.5,-0.06,1537.5,15.38,23
35,Entrada en largo,2026-04-14 05:05,Scripted Long,1.1823,1,147787.5,93.75,0.06,131.25,0.09,-87.5,-0.06,1537.5,15.38,23
36,Salida en largo,2026-04-14 10:55,Scripted Exit All,1.1844,1,147956.25,93.75,0.06,93.75,0.06,-112.5,-0.08,1631.25,16.31,25
36,Entrada en largo,2026-04-14 08:50,Scripted Long,1.18365,1,147956.25,93.75,0.06,93.75,0.06,-112.5,-0.08,1631.25,16.31,25
37,Salida en largo,2026-04-17 08:35,Scripted Exit All,1.18405,1,147893.75,112.5,0.08,312.5,0.21,-406.25,-0.27,1743.75,17.44,709
37,Entrada en largo,2026-04-14 19:30,Scripted Long,1.18315,1,147893.75,112.5,0.08,312.5,0.21,-406.25,-0.27,1743.75,17.44,709
38,Salida en largo,2026-04-20 07:40,Scripted Exit All,1.1803,1,147400,137.5,0.09,168.75,0.11,-175,-0.12,1881.25,18.81,96
38,Entrada en largo,2026-04-19 23:40,Scripted Long,1.1792,1,147400,137.5,0.09,168.75,0.11,-175,-0.12,1881.25,18.81,96
39,Salida en largo,2026-04-21 15:40,Scripted Short,1.17655,1,147487.5,-418.75,-0.28,293.75,0.20,-618.75,-0.42,1462.5,14.63,353
39,Entrada en largo,2026-04-20 09:15,Scripted Long,1.1799,1,147487.5,-418.75,-0.28,293.75,0.20,-618.75,-0.42,1462.5,14.63,353
40,Salida en corto,2026-04-22 04:00,Scripted Long,1.17855,1,147068.75,-250,-0.17,218.75,0.15,-337.5,-0.23,1212.5,12.13,136
40,Entrada en corto,2026-04-21 15:40,Scripted Short,1.17655,1,147068.75,-250,-0.17,218.75,0.15,-337.5,-0.23,1212.5,12.13,136
41,Salida en largo,2026-04-23 09:15,Scripted Short,1.1713,1,147318.75,-906.25,-0.62,43.75,0.03,-981.25,-0.67,306.25,3.06,339
41,Entrada en largo,2026-04-22 04:00,Scripted Long,1.17855,1,147318.75,-906.25,-0.62,43.75,0.03,-981.25,-0.67,306.25,3.06,339
42,Salida en corto,2026-04-23 23:10,Scripted Exit All,1.17045,1,146412.5,106.25,0.07,193.75,0.13,-400,-0.27,412.5,4.13,155
42,Entrada en corto,2026-04-23 09:15,Scripted Short,1.1713,1,146412.5,106.25,0.07,193.75,0.13,-400,-0.27,412.5,4.13,155
43,Salida en largo,2026-04-24 12:05,Scripted Exit All,1.1746,1,146718.75,106.25,0.07,131.25,0.09,-106.25,-0.07,518.75,5.19,23
43,Entrada en largo,2026-04-24 10:10,Scripted Long,1.17375,1,146718.75,106.25,0.07,131.25,0.09,-106.25,-0.07,518.75,5.19,23
44,Salida en largo,2026-04-26 22:40,Scripted Exit All,1.1755,1,146850,87.5,0.06,93.75,0.06,-218.75,-0.15,606.25,6.06,77
44,Entrada en largo,2026-04-24 15:15,Scripted Long,1.1748,1,146850,87.5,0.06,93.75,0.06,-218.75,-0.15,606.25,6.06,77
45,Salida en largo,2026-04-27 20:30,Scripted Short,1.17465,1,147175,-343.75,-0.23,106.25,0.07,-362.5,-0.25,262.5,2.63,151
45,Entrada en largo,2026-04-27 06:55,Scripted Long,1.1774,1,147175,-343.75,-0.23,106.25,0.07,-362.5,-0.25,262.5,2.63,151
46,Salida en corto,2026-04-27 21:55,Scripted Exit All,1.174,1,146831.25,81.25,0.06,87.5,0.06,-31.25,-0.02,343.75,3.44,17
46,Entrada en corto,2026-04-27 20:30,Scripted Short,1.17465,1,146831.25,81.25,0.06,87.5,0.06,-31.25,-0.02,343.75,3.44,17
47,Salida en largo,2026-04-29 04:05,Scripted Short,1.17225,1,146800,-268.75,-0.18,0,0.00,-293.75,-0.20,75,0.75,96
47,Entrada en largo,2026-04-28 20:05,Scripted Long,1.1744,1,146800,-268.75,-0.18,0,0.00,-293.75,-0.20,75,0.75,96
48,Salida en corto,2026-04-29 09:45,Scripted Exit All,1.17115,1,146531.25,137.5,0.09,200,0.14,-143.75,-0.10,212.5,2.13,68
48,Entrada en corto,2026-04-29 04:05,Scripted Short,1.17225,1,146531.25,137.5,0.09,200,0.14,-143.75,-0.10,212.5,2.13,68
49,Salida en corto,2026-04-29 13:10,Scripted Exit All,1.1705,1,146412.5,100,0.07,112.5,0.08,-118.75,-0.08,312.5,3.13,15
49,Entrada en corto,2026-04-29 11:55,Scripted Short,1.1713,1,146412.5,100,0.07,112.5,0.08,-118.75,-0.08,312.5,3.13,15
50,Salida en corto,2026-04-29 18:05,Scripted Exit All,1.16955,1,146306.25,112.5,0.08,243.75,0.17,-50,-0.03,425,4.25,36
50,Entrada en corto,2026-04-29 14:05,Scripted Short,1.17045,1,146306.25,112.5,0.08,243.75,0.17,-50,-0.03,425,4.25,36
51,Salida en largo,2026-04-30 06:55,Scripted Exit All,1.1735,1,146475,212.5,0.15,225,0.15,-68.75,-0.05,637.5,6.38,13
51,Entrada en largo,2026-04-30 05:50,Scripted Long,1.1718,1,146475,212.5,0.15,225,0.15,-68.75,-0.05,637.5,6.38,13
52,Salida en largo,2026-05-01 08:20,Scripted Exit All,1.1788,1,146975,375,0.26,387.5,0.26,-43.75,-0.03,1012.5,10.13,66
52,Entrada en largo,2026-05-01 02:50,Scripted Long,1.1758,1,146975,375,0.26,387.5,0.26,-43.75,-0.03,1012.5,10.13,66
53,Salida en corto,2026-05-05 00:50,Scripted Exit All,1.17055,1,146368.75,50,0.03,56.25,0.04,-12.5,-0.01,1062.5,10.63,22
53,Entrada en corto,2026-05-04 23:00,Scripted Short,1.17095,1,146368.75,50,0.03,56.25,0.04,-12.5,-0.01,1062.5,10.63,22
54,Salida en corto,2026-05-05 18:55,Scripted Long,1.17245,1,146287.5,-268.75,-0.18,6.25,0.00,-418.75,-0.29,793.75,7.94,186
54,Entrada en corto,2026-05-05 02:25,Scripted Short,1.1703,1,146287.5,-268.75,-0.18,6.25,0.00,-418.75,-0.29,793.75,7.94,186
55,Salida en largo,2026-05-05 19:20,Scripted Exit All,1.17455,1,146556.25,262.5,0.18,275,0.19,0,0.00,1056.25,10.56,5
55,Entrada en largo,2026-05-05 18:55,Scripted Long,1.17245,1,146556.25,262.5,0.18,275,0.19,0,0.00,1056.25,10.56,5
56,Salida en largo,2026-05-06 05:35,Scripted Exit All,1.17915,1,146875,518.75,0.35,562.5,0.38,-43.75,-0.03,1575,15.75,61
56,Entrada en largo,2026-05-06 00:30,Scripted Long,1.175,1,146875,518.75,0.35,562.5,0.38,-43.75,-0.03,1575,15.75,61
57,Salida en corto,2026-05-06 19:55,Scripted Exit All,1.17675,1,147118.75,25,0.02,31.25,0.02,-37.5,-0.03,1600,16.00,34
57,Entrada en corto,2026-05-06 16:05,Scripted Short,1.17695,1,147118.75,25,0.02,31.25,0.02,-37.5,-0.03,1600,16.00,34
58,Salida en corto,2026-05-07 14:55,Scripted Exit All,1.1765,1,147081.25,18.75,0.01,137.5,0.09,-400,-0.27,1618.75,16.19,144
58,Entrada en corto,2026-05-07 02:55,Scripted Short,1.17665,1,147081.25,18.75,0.01,137.5,0.09,-400,-0.27,1618.75,16.19,144
59,Salida en corto,2026-05-07 16:45,Scripted Exit All,1.175,1,147006.25,131.25,0.09,137.5,0.09,-100,-0.07,1750,17.50,17
59,Entrada en corto,2026-05-07 15:20,Scripted Short,1.17605,1,147006.25,131.25,0.09,137.5,0.09,-100,-0.07,1750,17.50,17
60,Salida en largo,2026-05-08 15:05,Scripted Exit All,1.18,1,147462.5,37.5,0.03,125,0.08,-137.5,-0.09,1787.5,17.88,78
60,Entrada en largo,2026-05-08 08:35,Scripted Long,1.1797,1,147462.5,37.5,0.03,125,0.08,-137.5,-0.09,1787.5,17.88,78
61,Salida en corto,2026-05-10 23:25,Scripted Exit All,1.1777,1,147250,37.5,0.03,50,0.03,-137.5,-0.09,1825,18.25,64
61,Entrada en corto,2026-05-10 18:05,Scripted Short,1.178,1,147250,37.5,0.03,50,0.03,-137.5,-0.09,1825,18.25,64
62,Salida en largo,2026-05-11 09:55,Scripted Exit All,1.18055,1,147425,143.75,0.10,162.5,0.11,0,0.00,1968.75,19.69,11
62,Entrada en largo,2026-05-11 09:00,Scripted Long,1.1794,1,147425,143.75,0.10,162.5,0.11,0,0.00,1968.75,19.69,11
63,Salida en largo,2026-05-11 18:20,Scripted Exit All,1.1806,1,147493.75,81.25,0.06,87.5,0.06,-6.25,0.00,2050,20.50,11
63,Entrada en largo,2026-05-11 16:25,Scripted Long,1.17995,1,147493.75,81.25,0.06,87.5,0.06,-6.25,0.00,2050,20.50,11
64,Salida en corto,2026-05-12 00:15,Scripted Exit All,1.17745,1,147237.5,56.25,0.04,68.75,0.05,0,0.00,2106.25,21.06,14
64,Entrada en corto,2026-05-11 23:05,Scripted Short,1.1779,1,147237.5,56.25,0.04,68.75,0.05,0,0.00,2106.25,21.06,14
65,Salida en corto,2026-05-12 04:10,Scripted Exit All,1.17625,1,147181.25,150,0.10,156.25,0.11,-156.25,-0.11,2256.25,22.56,36
65,Entrada en corto,2026-05-12 01:10,Scripted Short,1.17745,1,147181.25,150,0.10,156.25,0.11,-156.25,-0.11,2256.25,22.56,36
66,Salida en largo,2026-05-14 08:35,Scripted Short,1.1717,1,146668.75,-206.25,-0.14,56.25,0.04,-231.25,-0.16,2050,20.50,131
66,Entrada en largo,2026-05-13 21:40,Scripted Long,1.17335,1,146668.75,-206.25,-0.14,56.25,0.04,-231.25,-0.16,2050,20.50,131
67,Salida en corto,2026-05-14 09:40,Scripted Exit All,1.1704,1,146462.5,162.5,0.11,168.75,0.12,-12.5,-0.01,2212.5,22.13,13
67,Entrada en corto,2026-05-14 08:35,Scripted Short,1.1717,1,146462.5,162.5,0.11,168.75,0.12,-12.5,-0.01,2212.5,22.13,13
68,Salida en corto,2026-05-14 12:40,Scripted Exit All,1.169,1,146275,150,0.10,193.75,0.13,-31.25,-0.02,2362.5,23.63,21
68,Entrada en corto,2026-05-14 10:55,Scripted Short,1.1702,1,146275,150,0.10,193.75,0.13,-31.25,-0.02,2362.5,23.63,21
69,Salida en largo,2026-05-18 18:05,Scripted Exit All,1.1675,1,145768.75,168.75,0.12,193.75,0.13,-225,-0.15,2531.25,25.31,113
69,Entrada en largo,2026-05-18 07:40,Scripted Long,1.16615,1,145768.75,168.75,0.12,193.75,0.13,-225,-0.15,2531.25,25.31,113
70,Salida en corto,2026-05-19 04:25,Scripted Exit All,1.1643,1,145650,112.5,0.08,137.5,0.09,-25,-0.02,2643.75,26.44,19
70,Entrada en corto,2026-05-19 02:50,Scripted Short,1.1652,1,145650,112.5,0.08,137.5,0.09,-25,-0.02,2643.75,26.44,19
71,Salida en corto,2026-05-19 09:35,Scripted Exit All,1.16185,1,145343.75,112.5,0.08,137.5,0.09,-137.5,-0.09,2756.25,27.56,34
71,Entrada en corto,2026-05-19 06:45,Scripted Short,1.16275,1,145343.75,112.5,0.08,137.5,0.09,-137.5,-0.09,2756.25,27.56,34
72,Salida en corto,2026-05-19 11:10,Scripted Exit All,1.1609,1,145243.75,131.25,0.09,156.25,0.11,-18.75,-0.01,2887.5,28.88,11
72,Entrada en corto,2026-05-19 10:15,Scripted Short,1.16195,1,145243.75,131.25,0.09,156.25,0.11,-18.75,-0.01,2887.5,28.88,11
73,Salida en corto,2026-05-20 10:00,Scripted Exit All,1.1605,1,145118.75,56.25,0.04,150,0.10,-137.5,-0.09,2943.75,29.44,136
73,Entrada en corto,2026-05-19 22:40,Scripted Short,1.16095,1,145118.75,56.25,0.04,150,0.10,-137.5,-0.09,2943.75,29.44,136
74,Salida en largo,2026-05-20 14:25,Scripted Exit All,1.16395,1,145356.25,137.5,0.09,387.5,0.27,-87.5,-0.06,3081.25,30.81,49
74,Entrada en largo,2026-05-20 10:20,Scripted Long,1.16285,1,145356.25,137.5,0.09,387.5,0.27,-87.5,-0.06,3081.25,30.81,49
75,Salida en largo,2026-05-26 03:05,Scripted Short,1.16395,1,145725,-231.25,-0.16,81.25,0.06,-250,-0.17,2850,28.50,351
75,Entrada en largo,2026-05-24 20:50,Scripted Long,1.1658,1,145725,-231.25,-0.16,81.25,0.06,-250,-0.17,2850,28.50,351
76,Salida en corto,2026-05-26 11:20,Scripted Exit All,1.1631,1,145493.75,106.25,0.07,143.75,0.10,-206.25,-0.14,2956.25,29.56,99
76,Entrada en corto,2026-05-26 03:05,Scripted Short,1.16395,1,145493.75,106.25,0.07,143.75,0.10,-206.25,-0.14,2956.25,29.56,99
77,Salida en largo,2026-05-27 01:05,Scripted Exit All,1.16535,1,145612.5,56.25,0.04,62.5,0.04,-75,-0.05,3012.5,30.13,58
77,Entrada en largo,2026-05-26 20:15,Scripted Long,1.1649,1,145612.5,56.25,0.04,62.5,0.04,-75,-0.05,3012.5,30.13,58
78,Salida en largo,2026-05-27 08:35,Scripted Exit All,1.1667,1,145706.25,131.25,0.09,187.5,0.13,-162.5,-0.11,3143.75,31.44,70
78,Entrada en largo,2026-05-27 02:45,Scripted Long,1.16565,1,145706.25,131.25,0.09,187.5,0.13,-162.5,-0.11,3143.75,31.44,70
79,Salida en largo,2026-05-28 08:45,Scripted Exit All,1.16415,1,145331.25,187.5,0.13,206.25,0.14,-25,-0.02,3331.25,33.31,10
79,Entrada en largo,2026-05-28 07:55,Scripted Long,1.16265,1,145331.25,187.5,0.13,206.25,0.14,-25,-0.02,3331.25,33.31,10
80,Salida en largo,2026-05-28 12:35,Scripted Exit All,1.16675,1,145687.5,156.25,0.11,193.75,0.13,-50,-0.03,3487.5,34.88,28
80,Entrada en largo,2026-05-28 10:15,Scripted Long,1.1655,1,145687.5,156.25,0.11,193.75,0.13,-50,-0.03,3487.5,34.88,28
81,Salida en largo,2026-05-29 11:15,Scripted Exit All,1.16845,1,145775,281.25,0.19,306.25,0.21,0,0.00,3768.75,37.69,5
81,Entrada en largo,2026-05-29 10:50,Scripted Long,1.1662,1,145775,281.25,0.19,306.25,0.21,0,0.00,3768.75,37.69,5
82,Salida en largo,2026-06-01 19:50,Scripted Exit All,1.16425,1,145500,31.25,0.02,37.5,0.03,-6.25,0.00,3800,38.00,19
82,Entrada en largo,2026-06-01 18:15,Scripted Long,1.164,1,145500,31.25,0.02,37.5,0.03,-6.25,0.00,3800,38.00,19
83,Salida en largo,2026-06-02 01:05,Scripted Exit All,1.1646,1,145531.25,43.75,0.03,50,0.03,-87.5,-0.06,3843.75,38.44,46
83,Entrada en largo,2026-06-01 21:15,Scripted Long,1.16425,1,145531.25,43.75,0.03,50,0.03,-87.5,-0.06,3843.75,38.44,46
84,Salida en largo,2026-06-02 02:25,Scripted Exit All,1.1654,1,145568.75,106.25,0.07,112.5,0.08,-6.25,0.00,3950,39.50,4
84,Entrada en largo,2026-06-02 02:05,Scripted Long,1.16455,1,145568.75,106.25,0.07,112.5,0.08,-6.25,0.00,3950,39.50,4
85,Salida en corto,2026-06-05 08:45,Scripted Exit All,1.1611,1,145200,62.5,0.04,81.25,0.06,-406.25,-0.28,4012.5,40.13,150
85,Entrada en corto,2026-06-04 20:15,Scripted Short,1.1616,1,145200,62.5,0.04,81.25,0.06,-406.25,-0.28,4012.5,40.13,150
86,Salida en corto,2026-06-08 02:35,Scripted Exit All,1.15235,1,144050,6.25,0.00,143.75,0.10,-243.75,-0.17,4018.75,40.19,113
86,Entrada en corto,2026-06-05 16:10,Scripted Short,1.1524,1,144050,6.25,0.00,143.75,0.10,-243.75,-0.17,4018.75,40.19,113
87,Salida en largo,2026-06-09 00:50,Scripted Exit All,1.15515,1,144281.25,112.5,0.08,112.5,0.08,-6.25,0.00,4131.25,41.31,8
87,Entrada en largo,2026-06-09 00:10,Scripted Long,1.15425,1,144281.25,112.5,0.08,112.5,0.08,-6.25,0.00,4131.25,41.31,8
88,Salida en largo,2026-06-09 05:50,Scripted Exit All,1.15635,1,144412.5,131.25,0.09,137.5,0.10,-18.75,-0.01,4262.5,42.63,11
88,Entrada en largo,2026-06-09 04:55,Scripted Long,1.1553,1,144412.5,131.25,0.09,137.5,0.10,-18.75,-0.01,4262.5,42.63,11
89,Salida en corto,2026-06-10 03:20,Scripted Long,1.15605,1,144218.75,-287.5,-0.20,18.75,0.01,-293.75,-0.20,3975,39.75,79
89,Entrada en corto,2026-06-09 20:45,Scripted Short,1.15375,1,144218.75,-287.5,-0.20,18.75,0.01,-293.75,-0.20,3975,39.75,79
90,Salida en largo,2026-06-10 09:50,Scripted Exit All,1.1575,1,144506.25,181.25,0.13,193.75,0.13,-281.25,-0.19,4156.25,41.56,78
90,Entrada en largo,2026-06-10 03:20,Scripted Long,1.15605,1,144506.25,181.25,0.13,193.75,0.13,-281.25,-0.19,4156.25,41.56,78
91,Salida en corto,2026-06-11 12:00,Scripted Exit All,1.1516,1,144193.75,243.75,0.17,256.25,0.18,-112.5,-0.08,4400,44.00,45
91,Entrada en corto,2026-06-11 08:15,Scripted Short,1.15355,1,144193.75,243.75,0.17,256.25,0.18,-112.5,-0.08,4400,44.00,45
92,Salida en largo,2026-06-15 01:15,Scripted Exit All,1.1662,1,145331.25,443.75,0.31,475,0.33,-300,-0.21,4843.75,48.44,239
92,Entrada en largo,2026-06-12 04:20,Scripted Long,1.16265,1,145331.25,443.75,0.31,475,0.33,-300,-0.21,4843.75,48.44,239
93,Salida en largo,2026-06-16 00:05,Scripted Short,1.1626,1,145656.25,-331.25,-0.23,131.25,0.09,-350,-0.24,4512.5,45.13,209
93,Entrada en largo,2026-06-15 05:40,Scripted Long,1.16525,1,145656.25,-331.25,-0.23,131.25,0.09,-350,-0.24,4512.5,45.13,209
94,Salida en corto,2026-06-16 01:15,Scripted Exit All,1.16195,1,145325,81.25,0.06,100,0.07,0,0.00,4593.75,45.94,14
94,Entrada en corto,2026-06-16 00:05,Scripted Short,1.1626,1,145325,81.25,0.06,100,0.07,0,0.00,4593.75,45.94,14
95,Salida en largo,2026-06-18 21:40,Scripted Short,1.1499,1,145612.5,-1875,-1.29,156.25,0.11,-1962.5,-1.35,2718.75,27.19,725
95,Entrada en largo,2026-06-16 06:15,Scripted Long,1.1649,1,145612.5,-1875,-1.29,156.25,0.11,-1962.5,-1.35,2718.75,27.19,725
96,Salida en corto,2026-06-18 22:20,Scripted Exit All,1.14935,1,143737.5,68.75,0.05,87.5,0.06,-6.25,0.00,2787.5,27.88,8
96,Entrada en corto,2026-06-18 21:40,Scripted Short,1.1499,1,143737.5,68.75,0.05,87.5,0.06,-6.25,0.00,2787.5,27.88,8
97,Salida en largo,2026-06-23 10:00,Scripted Short,1.14295,1,143806.25,-937.5,-0.65,150,0.10,-1031.25,-0.72,1850,18.50,539
97,Entrada en largo,2026-06-19 07:05,Scripted Long,1.15045,1,143806.25,-937.5,-0.65,150,0.10,-1031.25,-0.72,1850,18.50,539
98,Salida en corto,2026-06-23 10:35,Scripted Exit All,1.14185,1,142868.75,137.5,0.10,212.5,0.15,-18.75,-0.01,1987.5,19.88,7
98,Entrada en corto,2026-06-23 10:00,Scripted Short,1.14295,1,142868.75,137.5,0.10,212.5,0.15,-18.75,-0.01,1987.5,19.88,7
99,Salida en corto,2026-06-23 21:20,Scripted Exit All,1.14125,1,142725,68.75,0.05,93.75,0.07,-43.75,-0.03,2056.25,20.56,16
99,Entrada en corto,2026-06-23 20:00,Scripted Short,1.1418,1,142725,68.75,0.05,93.75,0.07,-43.75,-0.03,2056.25,20.56,16
100,Salida en largo,2026-06-24 21:20,Scripted Exit All,1.1404,1,142468.75,81.25,0.06,87.5,0.06,-150,-0.11,2137.5,21.38,63
100,Entrada en largo,2026-06-24 15:05,Scripted Long,1.13975,1,142468.75,81.25,0.06,87.5,0.06,-150,-0.11,2137.5,21.38,63
101,Salida en corto,2026-06-26 03:35,Scripted Long,1.14175,1,142475,-243.75,-0.17,81.25,0.06,-268.75,-0.19,1893.75,18.94,72
101,Entrada en corto,2026-06-25 21:35,Scripted Short,1.1398,1,142475,-243.75,-0.17,81.25,0.06,-268.75,-0.19,1893.75,18.94,72
102,Salida en largo,2026-06-26 04:20,Scripted Exit All,1.14345,1,142718.75,212.5,0.15,250,0.18,0,0.00,2106.25,21.06,9
102,Entrada en largo,2026-06-26 03:35,Scripted Long,1.14175,1,142718.75,212.5,0.15,250,0.18,0,0.00,2106.25,21.06,9
103,Salida en largo,2026-06-29 10:35,Scripted Exit All,1.1455,1,143075,112.5,0.08,137.5,0.10,-112.5,-0.08,2218.75,22.19,31
103,Entrada en largo,2026-06-29 08:00,Scripted Long,1.1446,1,143075,112.5,0.08,137.5,0.10,-112.5,-0.08,2218.75,22.19,31
104,Salida en largo,2026-06-30 22:35,Scripted Short,1.1439,1,143287.5,-300,-0.21,118.75,0.08,-556.25,-0.39,1918.75,19.19,345
104,Entrada en largo,2026-06-29 15:50,Scripted Long,1.1463,1,143287.5,-300,-0.21,118.75,0.08,-556.25,-0.39,1918.75,19.19,345
105,Salida en corto,2026-07-01 03:25,Scripted Exit All,1.143,1,142987.5,112.5,0.08,118.75,0.08,-100,-0.07,2031.25,20.31,58
105,Entrada en corto,2026-06-30 22:35,Scripted Short,1.1439,1,142987.5,112.5,0.08,118.75,0.08,-100,-0.07,2031.25,20.31,58
106,Salida en corto,2026-07-02 07:20,Scripted Long,1.14485,1,142650,-456.25,-0.32,43.75,0.03,-543.75,-0.38,1575,15.75,132
106,Entrada en corto,2026-07-01 20:20,Scripted Short,1.1412,1,142650,-456.25,-0.32,43.75,0.03,-543.75,-0.38,1575,15.75,132
107,Salida en largo,2026-07-02 21:25,Scripted Exit All,1.1477,1,143106.25,356.25,0.25,725,0.51,-237.5,-0.17,1931.25,19.31,157
107,Entrada en largo,2026-07-02 07:20,Scripted Long,1.14485,1,143106.25,356.25,0.25,725,0.51,-237.5,-0.17,1931.25,19.31,157
108,Salida en corto,2026-07-07 18:20,Scripted Exit All,1.1439,1,143081.25,93.75,0.07,106.25,0.07,-425,-0.30,2025,20.25,379
108,Entrada en corto,2026-07-06 08:45,Scripted Short,1.14465,1,143081.25,93.75,0.07,106.25,0.07,-425,-0.30,2025,20.25,379
109,Salida en corto,2026-07-09 01:15,Scripted Long,1.14625,1,142975,-306.25,-0.21,187.5,0.13,-337.5,-0.24,1718.75,17.19,323
109,Entrada en corto,2026-07-07 21:20,Scripted Short,1.1438,1,142975,-306.25,-0.21,187.5,0.13,-337.5,-0.24,1718.75,17.19,323
110,Salida en largo,2026-07-09 02:30,Scripted Exit All,1.1477,1,143281.25,181.25,0.13,193.75,0.14,-43.75,-0.03,1900,19.00,15
110,Entrada en largo,2026-07-09 01:15,Scripted Long,1.14625,1,143281.25,181.25,0.13,193.75,0.14,-43.75,-0.03,1900,19.00,15
111,Salida en largo,2026-07-09 22:00,Scripted Exit All,1.1477,1,143381.25,81.25,0.06,112.5,0.08,-181.25,-0.13,1981.25,19.81,90
111,Entrada en largo,2026-07-09 13:30,Scripted Long,1.14705,1,143381.25,81.25,0.06,112.5,0.08,-181.25,-0.13,1981.25,19.81,90
112,Salida en corto,2026-07-10 04:30,Scripted Exit All,1.14635,1,143375,81.25,0.06,106.25,0.07,-31.25,-0.02,2062.5,20.63,21
112,Entrada en corto,2026-07-10 02:45,Scripted Short,1.147,1,143375,81.25,0.06,106.25,0.07,-31.25,-0.02,2062.5,20.63,21
113,Salida en corto,2026-07-10 13:35,Scripted Exit All,1.1453,1,143200,37.5,0.03,187.5,0.13,-193.75,-0.14,2100,21.00,60
113,Entrada en corto,2026-07-10 08:35,Scripted Short,1.1456,1,143200,37.5,0.03,187.5,0.13,-193.75,-0.14,2100,21.00,60
114,Salida en corto,2026-07-13 02:30,Scripted Long,1.14335,1,142818.75,-100,-0.07,150,0.11,-168.75,-0.12,2000,20.00,70
114,Entrada en corto,2026-07-12 20:40,Scripted Short,1.14255,1,142818.75,-100,-0.07,150,0.11,-168.75,-0.12,2000,20.00,70
115,Salida en largo,2026-07-13 03:35,Scripted Exit All,1.144,1,142918.75,81.25,0.06,87.5,0.06,-43.75,-0.03,2081.25,20.81,13
115,Entrada en largo,2026-07-13 02:30,Scripted Long,1.14335,1,142918.75,81.25,0.06,87.5,0.06,-43.75,-0.03,2081.25,20.81,13
116,Salida en largo,2026-07-13 20:20,Scripted Short,1.14085,1,143300,-693.75,-0.48,37.5,0.03,-712.5,-0.50,1387.5,13.88,149
116,Entrada en largo,2026-07-13 06:55,Scripted Long,1.1464,1,143300,-693.75,-0.48,37.5,0.03,-712.5,-0.50,1387.5,13.88,149
117,Salida en corto,2026-07-15 01:40,Scripted Long,1.1468,1,142606.25,-743.75,-0.52,18.75,0.01,-1056.25,-0.74,643.75,6.44,340
117,Entrada en corto,2026-07-13 20:20,Scripted Short,1.14085,1,142606.25,-743.75,-0.52,18.75,0.01,-1056.25,-0.74,643.75,6.44,340
118,Salida en largo,2026-07-15 07:55,Scripted Short,1.14405,1,143350,-343.75,-0.24,56.25,0.04,-368.75,-0.26,300,3.00,75
118,Entrada en largo,2026-07-15 01:40,Scripted Long,1.1468,1,143350,-343.75,-0.24,56.25,0.04,-368.75,-0.26,300,3.00,75
119,Salida en corto,2026-07-16 02:15,Scripted Long,1.14955,1,143006.25,-687.5,-0.48,75,0.05,-881.25,-0.62,-387.5,-3.87,208
119,Entrada en corto,2026-07-15 07:55,Scripted Short,1.14405,1,143006.25,-687.5,-0.48,75,0.05,-881.25,-0.62,-387.5,-3.87,208
120,Salida en largo,2026-07-16 08:35,Scripted Short,1.14855,1,143693.75,-125,-0.09,100,0.07,-156.25,-0.11,-512.5,-5.12,76
120,Entrada en largo,2026-07-16 02:15,Scripted Long,1.14955,1,143693.75,-125,-0.09,100,0.07,-156.25,-0.11,-512.5,-5.12,76
121,Salida en corto,2026-07-16 10:15,Scripted Exit All,1.1475,1,143568.75,131.25,0.09,181.25,0.13,-6.25,0.00,-381.25,-3.81,20
121,Entrada en corto,2026-07-16 08:35,Scripted Short,1.14855,1,143568.75,131.25,0.09,181.25,0.13,-6.25,0.00,-381.25,-3.81,20
122,Salida en corto,2026-07-17 16:55,Apertura,1.1466,1,143281.25,-43.75,-0.03,37.5,0.03,-81.25,-0.06,-425,-4.25,45
122,Entrada en corto,2026-07-17 13:10,Scripted Short,1.14625,1,143281.25,-43.75,-0.03,37.5,0.03,-81.25,-0.06,-425,-4.25,45